/*
Navicat MySQL Data Transfer

Source Server         : localhost_3306
Source Server Version : 50724
Source Host           : localhost:3306
Source Database       : classcommunity

Target Server Type    : MYSQL
Target Server Version : 50724
File Encoding         : 65001

Date: 2020-05-12 17:43:24
*/

SET FOREIGN_KEY_CHECKS=0;

-- ----------------------------
-- Table structure for album
-- ----------------------------
DROP TABLE IF EXISTS `album`;
CREATE TABLE `album` (
  `id` int(11) NOT NULL AUTO_INCREMENT,
  `album_name` varchar(25) COLLATE utf8_bin NOT NULL,
  `class_id` int(11) NOT NULL,
  PRIMARY KEY (`id`)
) ENGINE=InnoDB AUTO_INCREMENT=12 DEFAULT CHARSET=utf8 COLLATE=utf8_bin;

-- ----------------------------
-- Records of album
-- ----------------------------
INSERT INTO `album` VALUES ('1', '新生联谊照片合集', '2');
INSERT INTO `album` VALUES ('2', '篮球联谊照片', '2');
INSERT INTO `album` VALUES ('3', '军训照片', '2');
INSERT INTO `album` VALUES ('4', '毕业照片', '2');
INSERT INTO `album` VALUES ('9', '男生节活动照片', '3');
INSERT INTO `album` VALUES ('10', '女生节活动', '3');
INSERT INTO `album` VALUES ('11', '共度五四青年节', '4');

-- ----------------------------
-- Table structure for collect
-- ----------------------------
DROP TABLE IF EXISTS `collect`;
CREATE TABLE `collect` (
  `id` int(11) NOT NULL AUTO_INCREMENT,
  `feature_id` int(11) NOT NULL,
  `user_id` int(11) NOT NULL,
  PRIMARY KEY (`id`)
) ENGINE=InnoDB AUTO_INCREMENT=8 DEFAULT CHARSET=utf8 COLLATE=utf8_bin;

-- ----------------------------
-- Records of collect
-- ----------------------------
INSERT INTO `collect` VALUES ('1', '1', '27');
INSERT INTO `collect` VALUES ('2', '1', '28');
INSERT INTO `collect` VALUES ('3', '3', '27');
INSERT INTO `collect` VALUES ('6', '10', '27');
INSERT INTO `collect` VALUES ('7', '8', '27');

-- ----------------------------
-- Table structure for comment
-- ----------------------------
DROP TABLE IF EXISTS `comment`;
CREATE TABLE `comment` (
  `id` int(11) NOT NULL AUTO_INCREMENT,
  `comment_user` int(11) NOT NULL,
  `feature_id` int(11) NOT NULL,
  `comment_likes` int(11) NOT NULL DEFAULT '0',
  `comment` varchar(255) COLLATE utf8_bin NOT NULL,
  `comment_time` varchar(255) COLLATE utf8_bin NOT NULL,
  PRIMARY KEY (`id`)
) ENGINE=InnoDB AUTO_INCREMENT=12 DEFAULT CHARSET=utf8 COLLATE=utf8_bin;

-- ----------------------------
-- Records of comment
-- ----------------------------
INSERT INTO `comment` VALUES ('1', '27', '3', '0', '这真是有趣呐~', '2020-02-11T03:03:25.000Z');
INSERT INTO `comment` VALUES ('2', '28', '3', '0', '希望还有机会参加这样的活动', '2020-02-11T03:03:25.000Z');
INSERT INTO `comment` VALUES ('3', '27', '3', '0', '今天天气真好', '2020-02-11T03:03:25.000Z');
INSERT INTO `comment` VALUES ('4', '27', '3', '0', 'lucky', '2020-02-11T03:03:25.000Z');
INSERT INTO `comment` VALUES ('6', '27', '3', '1', '这是阳光明媚的一天', 'Sun, 26 Apr 2020 23:42:26 GMT');
INSERT INTO `comment` VALUES ('7', '27', '3', '1', '一切终将成为过去，而那过去的将不再回来', 'Sun, 26 Apr 2020 23:50:21 GMT');
INSERT INTO `comment` VALUES ('8', '27', '11', '2', '这真的是一次很有纪念意义的活动', 'Mon, 11 May 2020 15:19:36 GMT');
INSERT INTO `comment` VALUES ('9', '30', '11', '1', '这就是青春吧~充满着朝气', 'Mon, 11 May 2020 15:20:47 GMT');
INSERT INTO `comment` VALUES ('10', '33', '11', '0', '嘿嘿，希望我们能这样一直年轻下去', 'Mon, 11 May 2020 15:23:02 GMT');
INSERT INTO `comment` VALUES ('11', '33', '11', '0', '回忆无限好呐~', 'Mon, 11 May 2020 15:23:25 GMT');

-- ----------------------------
-- Table structure for feature
-- ----------------------------
DROP TABLE IF EXISTS `feature`;
CREATE TABLE `feature` (
  `id` int(11) NOT NULL AUTO_INCREMENT,
  `user_id` int(11) NOT NULL,
  `class_id` int(11) NOT NULL,
  `title` varchar(255) COLLATE utf8_bin NOT NULL,
  `brief` varchar(255) COLLATE utf8_bin NOT NULL,
  `content` mediumtext COLLATE utf8_bin NOT NULL,
  `likes` int(11) DEFAULT '0',
  `clicks` int(11) DEFAULT '0',
  `cover_img` varchar(255) COLLATE utf8_bin NOT NULL,
  `add_time` varchar(255) COLLATE utf8_bin NOT NULL,
  PRIMARY KEY (`id`)
) ENGINE=InnoDB AUTO_INCREMENT=12 DEFAULT CHARSET=utf8 COLLATE=utf8_bin;

-- ----------------------------
-- Records of feature
-- ----------------------------
INSERT INTO `feature` VALUES ('1', '27', '2', '新生联谊', '我们相聚在同一个大学，更幸运的是在同一个专业遇到了对方，而今后很长的一段时间，\n将会一起度过。而这次的新生联谊，就是我们互相认识和了解的第一步。在班委和同学\n们的共同努力下，我们班这次新生联谊圆满结束。', 0x202020202020202020E8BF99E6ACA1E696B0E7949FE88194E8B08AE79A84E59CB0E782B9E698AFE59CA8E6B5B7E5A699E6A5BCE4B88BE79A84E68E92E79083E59CBAEFBC8CE4BB8EE4B88BE58D88E5BC80E5A78BE59CBAE59CB0E4B88AE5B0B1E5A49AE4BA86E587A0E4B8AAE5BF99E7A28CE79A84E4BABAE584BFE59CA8E5B883E7BDAEE79D80E59CBA0AE59CB0EFBC8CE69C89E4BA9BE4BABAE59CA8E68993E6B094E79083E38081E69C89E4BA9BE4BABAE59CA8E68C82E6B094E79083E38081E69C89E4BA9BE4BABAE59CA84B54E69DBFE4B88AE58699E6ACA2E8BF8EE8AF8DE8AFADC2B7C2B7C2B7E7BB8FE8BF87E4B880E6AEB5E697B6E997B4E5908EEFBC8CE59CBAE59CB0E58F98E5BE97E69BB40AE783ADE997B9E8B5B7E69DA5EFBC8CE99FB3E4B990E4B99FE99A8FE79D80E69AAEE889B2E4B880E8B5B7E9998DE4B8B47E, '1', '5', 'http://localhost:3000/www/useravatar/1587473110621-avatar.webp', '2020-02-11T03:03:25.000Z');
INSERT INTO `feature` VALUES ('3', '28', '2', '新生联谊', '我们相聚在同一个大学，更幸运的是在同一个专业遇到了对方，而今后很长的一段时间，\n将会一起度过。而这次的新生联谊，就是我们互相认识和了解的第一步。在班委和同学\n们的共同努力下，我们班这次新生联谊圆满结束。', 0x202020202020202020E8BF99E6ACA1E696B0E7949FE88194E8B08AE79A84E59CB0E782B9E698AFE59CA8E6B5B7E5A699E6A5BCE4B88BE79A84E68E92E79083E59CBAEFBC8CE4BB8EE4B88BE58D88E5BC80E5A78BE59CBAE59CB0E4B88AE5B0B1E5A49AE4BA86E587A0E4B8AAE5BF99E7A28CE79A84E4BABAE584BFE59CA8E5B883E7BDAEE79D80E59CBA0AE59CB0EFBC8CE69C89E4BA9BE4BABAE59CA8E68993E6B094E79083E38081E69C89E4BA9BE4BABAE59CA8E68C82E6B094E79083E38081E69C89E4BA9BE4BABAE59CA84B54E69DBFE4B88AE58699E6ACA2E8BF8EE8AF8DE8AFADC2B7C2B7C2B7E7BB8FE8BF87E4B880E6AEB5E697B6E997B4E5908EEFBC8CE59CBAE59CB0E58F98E5BE97E69BB40AE783ADE997B9E8B5B7E69DA5EFBC8CE99FB3E4B990E4B99FE99A8FE79D80E69AAEE889B2E4B880E8B5B7E9998DE4B8B47E, '2', '67', 'http://localhost:3000/www/useravatar/1587473110621-avatar.webp', '2020-02-11T03:03:25.000Z');
INSERT INTO `feature` VALUES ('7', '27', '3', '那些年，关于刚上大学的那些事', '刚来到这所大学的时候~', 0x3C703EE880B3E8BEB9E4BBBFE4BD9BE5938DE8B5B7E4BA86E5869BE8AEADE697B6E79A84E8849AE6ADA5E5A3B0EFBC8CE982A3E4B988E79A84E695B4E9BD90E38081E69C89E58A9BE38082E8BF98E8AEB0E5BE97E982A3E5B9B4E5869BE8AEADEFBC8CE982A3E69DA1E6A0A1E98193E4B88AE58092E698A0E79D80E68891E4BBACE79A84E5BDB1E5AD90EFBC8CE68891E4BBACE5B0B1E698AFE4BB8EE982A3E697B6E58099E8B5B7E68890E4B8BAE4BA86E4B880E4B8AAE5A4A7E5AEB6E5BAADE38082E982A3E698AFE5908EE69DA5E4B880E58887E69585E4BA8BE79A84E5BC80E7ABAFEFBC8CE4B99FE698AFE68891E4BBACE7BE8EE5A5BDE8AEB0E5BF86E79A84E8B5B7E5A78BE782B9E380823C2F703E3C703E3C62723E3C2F703E3C703E3C696D67207372633D22687474703A2F2F6C6F63616C686F73743A333030302F7777772F66656174757265696D672F313538393138303936313031302DE6A0A1E59BADE9A38EE699AF202834292E6A7067223E3C2F703E3C703E3C62723E3C2F703E3C703EE7AB99E5869BE5A7BFE79A84E697B6E58099EFBC8CE4B880E58886E9929FE4BBBFE4BD9BE5838FE8BF87E58EBBE4BA86E4B880E5B08FE697B6EFBC8CE680BBE69C9FE5BE85E79D80E69599E5AE98E8AFB4E587BAE982A3E58FA5E2809CE4BC91E681AFE590A7E2809DE38082E4BB94E7BB86E683B3E69DA5E899BDE784B6E5BE88E7B4AFEFBC8CE4BD86E4B99FE59BA0E4B8BAE7AB99E5869BE5A7BFE58F91E78EB0E4BA86E5BE88E5A49AE69C89E8B6A3E79A84E4B89CE8A5BFEFBC8CE6AF94E5A682E79CBCE5898DE79A84E982A3E78987E88D89E59CB0E4B88AE5B185E784B6E69C89E5A5BDE5A49AE5B08FE88AB1E38081E58FB0E998B6E79A84E8A792E890BDE9878CE5B185E784B6E69C89E5BE88E5A49AE89A82E89A81E587BAE6B2A1E38081E5898DE696B9E5908CE5ADA6E79A84E885B0E5B8A6E5AF84E79A84E79C9FE695B4E9BD90E38081E5AEBFE8888DE6A5BCE58E9FE69DA5E69C89E4B883E5B182E9AB98E7AD89E7AD89E380823C2F703E3C703E3C62723E3C2F703E3C703EE4BC91E681AFE79A84E697B6E58099EFBC8CE4B889E4B8A4E68890E7BEA4E5AC89E7AC91E8B088E8AEBAE79D80EFBC8CE4BCBCE4B98EE698AFE59CA8E8BF99E4B8AAE697B6E58099E5AFB9E8888DE58F8BE69C89E4BA86E69BB4E8BF9BE4B880E6ADA5E79A84E8AEA4E8AF86E38081E5AFB9E78FADE9878CE79A84E68890E59198E69C89E4BA86E69BB4E5A49AE79A84E4BA86E8A7A3E38082E982A3E4BA9BE4B880E8B5B7E594B1E6AD8CE38081E4B880E8B5B7E69992E5A4AAE998B3E38081E4B880E8B5B7E6B78BE99BA8E79A84E697B6E588BBE5B0B1E8BF99E6A0B7E68890E4B8BAE4BA86E68891E4BBACE8AEB0E5BF86E4B8ADE5AE9DE8B4B5E79A84E4B880E983A8E58886E380823C2F703E3C703E3C62723E3C2F703E3C703EE5908EE69DA5EFBC8CE5869BE8AEADE7BB93E69D9FE785A7E5A4A7E59088E785A7E79A84E697B6E58099E680BBE6849FE8A789E69C89E4BA9BE6818DE6839AEFBC8CE4B880E79BB4E69C9FE5BE85E79D80E7BB93E69D9FEFBC8CE58FAFE5BD93E79C9FE6ADA3E7BB93E69D9FE79A84E697B6E58099E58DB4E6849FE8A789E5BE88E99ABEE8BF87E380823C2F703E3C703E3C62723E3C2F703E3C703E3C696D67207372633D22687474703A2F2F6C6F63616C686F73743A333030302F7777772F66656174757265696D672F313538393138303938363238302DE5869BE8AEAD202831292E6A7067223E3C2F703E3C703E3C62723E3C2F703E3C703EE4B88DE79FA5E4B88DE8A789EFBC8CE69C89E8AEB8E5A49AE4BA8BE68385E5B7B2E7BB8FE694B9E58F98E4BA86EFBC8CE6AF94E5A682E68891E4BBACE79A84E585B3E7B3BBEFBC8CE6AF94E5A682E68891E4BBACE79A84E982A3E68AB9E7AC91E5AEB9C2B7C2B7C2B73C2F703E, '0', '3', 'http://localhost:3000/www/featureimg/1589180999980-6.2.jpg', 'Mon, 11 May 2020 07:12:02 GMT');
INSERT INTO `feature` VALUES ('8', '27', '3', '军训啦', '还记得那年的军训吗？', 0x3C703EE5889AE69DA5E588B0E8BF99E68980E5A4A7E5ADA6E79A84E697B6E58099EFBC8CE68891E4BBACE5AFB9E591A8E8BEB9E4BBBBE4BD95E4BA8BE789A9E983BDE6BBA1E68080E69C9FE5BE85E5928CE5A5BDE5A587EFBC8CE5B0B1E5838FE698A5E5A4A9E5889AE58F91E88ABDE79A84E7A78DE5AD90EFBC8CE58585E6BBA1E6B4BBE58A9BE38082E8BF98E8AEB0E5BE97E982A3E697B6E58099E79A84E68891E4BBACEFBC8CE8BF98E69C89E982A3E4BA9BE4BA8BC2B7C2B7C2B73C2F703E3C703E3C62723E3C2F703E3C703EE880B3E8BEB9E4BBBFE4BD9BE5938DE8B5B7E4BA86E5869BE8AEADE697B6E79A84E8849AE6ADA5E5A3B0EFBC8CE982A3E4B988E79A84E695B4E9BD90E38081E69C89E58A9BE38082E8BF98E8AEB0E5BE97E982A3E5B9B4E5869BE8AEADEFBC8CE982A3E69DA1E6A0A1E98193E4B88AE58092E698A0E79D80E68891E4BBACE79A84E5BDB1E5AD90EFBC8CE68891E4BBACE5B0B1E698AFE4BB8EE982A3E697B6E58099E8B5B7E68890E4B8BAE4BA86E4B880E4B8AAE5A4A7E5AEB6E5BAADE38082E982A3E698AFE5908EE69DA5E4B880E58887E69585E4BA8BE79A84E5BC80E7ABAFEFBC8CE4B99FE698AFE68891E4BBACE7BE8EE5A5BDE8AEB0E5BF86E79A84E8B5B7E5A78BE782B9E380823C2F703E3C703E3C62723E3C2F703E3C7020636C6173733D22716C2D616C69676E2D63656E746572223E3C696D67207372633D22687474703A2F2F6C6F63616C686F73743A333030302F7777772F66656174757265696D672F313538393138313234303439332D33302E312E6A7067223E3C2F703E3C703E3C62723E3C2F703E3C703EE7AB99E5869BE5A7BFE79A84E697B6E58099EFBC8CE4B880E58886E9929FE4BBBFE4BD9BE5838FE8BF87E58EBBE4BA86E4B880E5B08FE697B6EFBC8CE680BBE69C9FE5BE85E79D80E69599E5AE98E8AFB4E587BAE982A3E58FA5E2809CE4BC91E681AFE590A7E2809DE38082E4BB94E7BB86E683B3E69DA5E899BDE784B6E5BE88E7B4AFEFBC8CE4BD86E4B99FE59BA0E4B8BAE7AB99E5869BE5A7BFE58F91E78EB0E4BA86E5BE88E5A49AE69C89E8B6A3E79A84E4B89CE8A5BFEFBC8CE6AF94E5A682E79CBCE5898DE79A84E982A3E78987E88D89E59CB0E4B88AE5B185E784B6E69C89E5A5BDE5A49AE5B08FE88AB1E38081E58FB0E998B6E79A84E8A792E890BDE9878CE5B185E784B6E69C89E5BE88E5A49AE89A82E89A81E587BAE6B2A1E38081E5898DE696B9E5908CE5ADA6E79A84E885B0E5B8A6E5AF84E79A84E79C9FE695B4E9BD90E38081E5AEBFE8888DE6A5BCE58E9FE69DA5E69C89E4B883E5B182E9AB98E7AD89E7AD89E380823C2F703E3C703E3C62723E3C2F703E3C703EE4BC91E681AFE79A84E697B6E58099EFBC8CE4B889E4B8A4E68890E7BEA4E5AC89E7AC91E8B088E8AEBAE79D80EFBC8CE4BCBCE4B98EE698AFE59CA8E8BF99E4B8AAE697B6E58099E5AFB9E8888DE58F8BE69C89E4BA86E69BB4E8BF9BE4B880E6ADA5E79A84E8AEA4E8AF86E38081E5AFB9E78FADE9878CE79A84E68890E59198E69C89E4BA86E69BB4E5A49AE79A84E4BA86E8A7A3E38082E982A3E4BA9BE4B880E8B5B7E594B1E6AD8CE38081E4B880E8B5B7E69992E5A4AAE998B3E38081E4B880E8B5B7E6B78BE99BA8E79A84E697B6E588BBE5B0B1E8BF99E6A0B7E68890E4B8BAE4BA86E68891E4BBACE8AEB0E5BF86E4B8ADE5AE9DE8B4B5E79A84E4B880E983A8E58886E380823C2F703E3C703E3C62723E3C2F703E3C7020636C6173733D22716C2D616C69676E2D63656E746572223EE5908EE69DA5EFBC8CE5869BE8AEADE7BB93E69D9FE785A7E5A4A7E59088E785A7E79A84E697B6E58099E680BBE6849FE8A789E69C89E4BA9BE6818DE6839AEFBC8CE4B880E79BB4E69C9FE5BE85E79D80E7BB93E69D9FEFBC8CE58FAFE5BD93E79C9FE6ADA3E7BB93E69D9FE79A84E697B6E58099E58DB4E6849FE8A789E5BE88E99ABEE8BF87E380823C2F703E3C703E3C62723E3C2F703E3C7020636C6173733D22716C2D616C69676E2D63656E746572223E3C696D67207372633D22687474703A2F2F6C6F63616C686F73743A333030302F7777772F66656174757265696D672F313538393138313235383937392D33372E312E6A7067223E3C2F703E3C703E3C62723E3C2F703E3C703EE4B88DE79FA5E4B88DE8A789EFBC8CE69C89E8AEB8E5A49AE4BA8BE68385E5B7B2E7BB8FE694B9E58F98E4BA86EFBC8CE6AF94E5A682E68891E4BBACE79A84E585B3E7B3BBEFBC8CE6AF94E5A682E68891E4BBACE79A84E982A3E68AB9E7AC91E5AEB9C2B7C2B7C2B73C2F703E3C703E3C62723E3C2F703E, '0', '3', 'http://localhost:3000/www/featureimg/1589181787346-校园风景 (13).jpg', 'Mon, 11 May 2020 07:23:08 GMT');
INSERT INTO `feature` VALUES ('9', '28', '2', '新生联谊那点印象', '我们相聚在同一个大学~', 0x3C703E3C7370616E207374796C653D22636F6C6F723A207267622831362C2031362C203136293B223EE8BF99E6ACA1E696B0E7949FE88194E8B08AE79A84E59CB0E782B9E698AFE59CA8E6B5B7E5A699E6A5BCE4B88BE79A84E68E92E79083E59CBAEFBC8CE4BB8EE4B88BE58D88E5BC80E5A78BE59CBAE59CB0E4B88AE5B0B1E5A49AE4BA86E587A0E4B8AAE5BF99E7A28CE79A84E4BABAE584BFE59CA8E5B883E7BDAEE79D80E59CBAE59CB0EFBC8CE69C89E4BA9BE4BABAE59CA8E68993E6B094E79083E38081E69C89E4BA9BE4BABAE59CA8E68C82E6B094E79083E38081E69C89E4BA9BE4BABAE59CA84B54E69DBFE4B88AE58699E6ACA2E8BF8EE8AF8DE8AFADC2B7C2B7C2B7E7BB8FE8BF87E4B880E6AEB5E697B6E997B4E5908EEFBC8CE59CBAE59CB0E58F98E5BE97E69BB4E783ADE997B9E8B5B7E69DA5EFBC8CE99FB3E4B990E4B99FE99A8FE79D80E69AAEE889B2E4B880E8B5B7E9998DE4B8B47E3C2F7370616E3E3C2F703E3C703E3C62723E3C2F703E3C7020636C6173733D22716C2D616C69676E2D63656E746572223E3C696D67207372633D22687474703A2F2F6C6F63616C686F73743A333030302F7777772F66656174757265696D672F313538393138323030373433322DE6A0A1E59BADE9A38EE699AF20283133292E6A7067223E3C2F703E3C703E3C62723E3C2F703E3C703E3C62723E3C2F703E3C703E3C7370616E207374796C653D22636F6C6F723A207267622831362C2031362C203136293B223EE59BBEE78987E4B88AEFBC8CE58FAFE4BBA5E79C8BE588B0E4BB96E4BBACE5BF99E7A28CE79D80E79A84E8838CE5BDB1EFBC8CE4B99FE58FAFE4BBA5E79C8BE588B0E8A792E890BDE9878CE58786E5A487E5A5BDE79A84E99BB6E9A39FEFBC8CE8BF99E8AEA9E68891E4BBACE5908EE69DA5E79A84E6B4BBE58AA8E4B8ADE69BB4E58AA0E69C89E8B6A3E591B3E38082E5BD93E784B6EFBC8CE999A4E4BA86E59FBAE69CACE59CBAE59CB0E789A9E8B584EFBC8CE78FADE5A794E4BBACE8BF98E58786E5A487E4BA86E5BE88E5A49AE6B8B8E6888FE98193E585B7E380823C2F7370616E3E3C2F703E3C703E3C62723E3C2F703E3C703E3C7370616E207374796C653D22636F6C6F723A207267622831362C2031362C203136293B223EE6B4BBE58AA8E4B8ADE4B880E9A1B9E698AFE587BBE9BC93E4BCA0E88AB1EFBC8CE59CA8E99FB3E4B990E5938DE8B5B7E697B6EFBC8CE5BC80E5A78BE4BCA0E98092E6898BE4B88AE79A84E789A9E59381EFBC8CE5BD93E99FB3E4B990E99A8FE69CBAE5819CE4B88BEFBC8CE789A9E59381E59CA8E8B081E6898BE4B88AEFBC8CE8B081E5B0B1E8A681E588B0E9989FE4BC8DE59BB4E68890E79A84E59C88E59C88E4B8ADE8A1A8E6BC94E6898DE889BAE38082E69C89E4BA9BE5908CE5ADA6E98089E68BA9E6AD8CE594B1E38081E69C89E4BA9BE5908CE5ADA6E98089E68BA9E8B7B3E8889EE38081E4B99FE69C89E98089E68BA9E8AEB2E7AC91E8AF9DE79A84C2B7C2B7C2B7E5A4A7E5AEB6E983BDE78EA9E5BE97E99D9EE5B8B8E5B0BDE585B4E38082E5BD93E784B6E999A4E4BA86E8BF99E9A1B9E6B4BBE58AA8E4B98BE5A496E8BF98E69C89E8AEB8E5A49AE69C89E8B6A3E79A84E9A1B9E79BAEEFBC8CE6AF94E5A682E79C9FE5BF83E8AF9DE5A4A7E58692E999A9EFBC8CE7AD89E7AD897EE79C9FE698AFE8B6A3E591B3E5A49AE5A49AEFBC8CE8808CE68891E4BBACE7A1AEE5AE9EE4B99FE9809AE8BF87E8BF99E6ACA1E79A84E88194E8B08AE5A29EE8BF9BE4BA86E4BA86E8A7A3E380823C2F7370616E3E3C2F703E3C703E3C62723E3C2F703E3C7020636C6173733D22716C2D616C69676E2D63656E746572223E3C696D67207372633D22687474703A2F2F6C6F63616C686F73743A333030302F7777772F66656174757265696D672F313538393138323032393333312DE6B4BBE58AA8202832292E6A7067223E3C2F703E3C703E3C62723E3C2F703E3C703E3C7370616E207374796C653D22636F6C6F723A207267622831362C2031362C203136293B223EE69BB4E5A49AE7B2BEE5BDA9E59BBEE78987EFBC8CE58FAFE4BBA5E59CA8E78FADE7BAA7E4B8BBE9A1B5E69FA5E79C8BEFBC8CE4B98BE5908EE78FADE7BAA7E4B99FE4BC9AE4B8BEE58A9EE4B880E4BA9BE69C89E8B6A3E79A84E6B4BBE58AA8EFBC8CE6ACA2E8BF8EE5A4A7E5AEB6E58F82E4B88EE8BF9BE69DA5EFBC8CE69BB4E5A49AE4BA8BE9A1B9E58FAFE585B3E6B3A8E68891E4BBACE79A84E78FADE7BAA7E58AA8E68081E380823C2F7370616E3E3C2F703E, '0', '11', 'http://localhost:3000/www/featureimg/1589182080862-校园风景 (7).jpg', 'Mon, 11 May 2020 07:28:02 GMT');
INSERT INTO `feature` VALUES ('10', '27', '3', '精彩点滴', '班级的每一次活动都值得被记录~', 0x3C703EE68891E4BBACE79BB8E8819AE59CA8E5908CE4B880E4B8AAE5A4A7E5ADA6EFBC8CE69BB4E5B9B8E8BF90E79A84E698AFE59CA8E5908CE4B880E4B8AAE4B893E4B89AE98187E588B0E4BA86E5AFB9E696B9EFBC8CE8808CE4BB8AE5908EE5BE88E995BFE79A84E4B880E6AEB5E697B6E997B4EFBC8C3C2F703E3C703EE5B086E4BC9AE4B880E8B5B7E5BAA6E8BF87E38082E8808CE8BF99E6ACA1E79A84E696B0E7949FE88194E8B08AEFBC8CE5B0B1E698AFE68891E4BBACE4BA92E79BB8E8AEA4E8AF86E5928CE4BA86E8A7A3E79A84E7ACACE4B880E6ADA5E38082E59CA8E78FADE5A794E5928CE5908CE5ADA63C2F703E3C703EE4BBACE79A84E585B1E5908CE58AAAE58A9BE4B88BEFBC8CE68891E4BBACE78FADE8BF99E6ACA1E696B0E7949FE88194E8B08AE59C86E6BBA1E7BB93E69D9FE380823C2F703E3C703E3C62723E3C2F703E3C703EE8BF99E6ACA1E696B0E7949FE88194E8B08AE79A84E59CB0E782B9E698AFE59CA8E6B5B7E5A699E6A5BCE4B88BE79A84E68E92E79083E59CBAEFBC8CE4BB8EE4B88BE58D88E5BC80E5A78BE59CBAE59CB0E4B88AE5B0B1E5A49AE4BA86E587A0E4B8AAE5BF99E7A28CE79A84E4BABAE584BFE59CA8E5B883E7BDAEE79D80E59CBAE59CB0EFBC8CE69C89E4BA9BE4BABAE59CA8E68993E6B094E79083E38081E69C89E4BA9BE4BABAE59CA8E68C82E6B094E79083E38081E69C89E4BA9BE4BABAE59CA84B54E69DBFE4B88AE58699E6ACA2E8BF8EE8AF8DE8AFADC2B7C2B7C2B7E7BB8FE8BF87E4B880E6AEB5E697B6E997B4E5908EEFBC8CE59CBAE59CB0E58F98E5BE97E69BB4E783ADE997B9E8B5B7E69DA5EFBC8CE99FB3E4B990E4B99FE99A8FE79D80E69AAEE889B2E4B880E8B5B7E9998DE4B8B47E3C2F703E3C703E3C62723E3C2F703E3C7020636C6173733D22716C2D616C69676E2D63656E746572223E3C696D67207372633D22687474703A2F2F6C6F63616C686F73743A333030302F7777772F66656174757265696D672F313538393138333630393536322D312E302E6A7067223E3C2F703E3C703E3C62723E3C2F703E3C703EE59BBEE78987E4B88AEFBC8CE58FAFE4BBA5E79C8BE588B0E4BB96E4BBACE5BF99E7A28CE79D80E79A84E8838CE5BDB1EFBC8CE4B99FE58FAFE4BBA5E79C8BE588B0E8A792E890BDE9878CE58786E5A487E5A5BDE79A84E99BB6E9A39FEFBC8CE8BF99E8AEA9E68891E4BBACE5908EE69DA5E79A84E6B4BBE58AA8E4B8ADE69BB4E58AA0E69C89E8B6A3E591B3E38082E5BD93E784B6EFBC8CE999A4E4BA86E59FBAE69CACE59CBAE59CB0E789A9E8B584EFBC8CE78FADE5A794E4BBACE8BF98E58786E5A487E4BA86E5BE88E5A49AE6B8B8E6888FE98193E585B7E380823C2F703E3C703E3C62723E3C2F703E3C703E3C7370616E207374796C653D22636F6C6F723A207267622831362C2031362C203136293B223EE6B4BBE58AA8E4B8ADE4B880E9A1B9E698AFE587BBE9BC93E4BCA0E88AB1EFBC8CE59CA8E99FB3E4B990E5938DE8B5B7E697B6EFBC8CE5BC80E5A78BE4BCA0E98092E6898BE4B88AE79A84E789A9E59381EFBC8CE5BD93E99FB3E4B990E99A8FE69CBAE5819CE4B88BEFBC8CE789A9E59381E59CA8E8B081E6898BE4B88AEFBC8CE8B081E5B0B1E8A6813C2F7370616E3E3C2F703E3C703E3C7370616E207374796C653D22636F6C6F723A207267622831362C2031362C203136293B223EE588B0E9989FE4BC8DE59BB4E68890E79A84E59C88E59C88E4B8ADE8A1A8E6BC94E6898DE889BAE38082E69C89E4BA9BE5908CE5ADA6E98089E68BA9E6AD8CE594B1E38081E69C89E4BA9BE5908CE5ADA6E98089E68BA9E8B7B3E8889EE38081E4B99FE69C89E98089E68BA9E8AEB2E7AC91E8AF9DE79A84C2B7C2B7C2B7E5A4A7E5AEB6E983BDE78EA9E5BE97E99D9EE5B8B8E5B0BDE585B4E38082E5BD93E784B6E999A4E4BA86E8BF99E9A1B9E6B4BBE58AA8E4B98BE5A496E8BF98E69C89E8AEB8E5A49AE69C89E8B6A3E79A84E9A1B9E79BAEEFBC8CE6AF94E5A682E79C9FE5BF83E8AF9DE5A4A7E58692E999A9EFBC8CE7AD89E7AD897EE79C9FE698AFE8B6A3E591B3E5A49AE5A49AEFBC8CE8808CE68891E4BBACE7A1AEE5AE9EE4B99FE9809AE8BF87E8BF99E6ACA1E79A84E88194E8B08AE5A29EE8BF9BE4BA86E4BA86E8A7A3E380823C2F7370616E3E3C2F703E3C703E3C62723E3C2F703E3C703E3C7370616E207374796C653D22636F6C6F723A207267622831362C2031362C203136293B223EE69BB4E5A49AE7B2BEE5BDA9E59BBEE78987EFBC8CE58FAFE4BBA5E59CA8E78FADE7BAA7E4B8BBE9A1B5E69FA5E79C8BEFBC8CE4B98BE5908EE78FADE7BAA7E4B99FE4BC9AE4B8BEE58A9EE4B880E4BA9BE69C89E8B6A3E79A84E6B4BBE58AA8EFBC8CE6ACA2E8BF8EE5A4A7E5AEB6E58F82E4B88EE8BF9BE69DA5EFBC8CE69BB4E5A49AE4BA8BE9A1B9E58FAFE585B3E6B3A8E68891E4BBACE79A84E78FADE7BAA7E58AA8E68081E380823C2F7370616E3E3C2F703E, '0', '2', 'http://localhost:3000/www/featureimg/1589183857325-color.jpg', 'Mon, 11 May 2020 07:57:38 GMT');
INSERT INTO `feature` VALUES ('11', '27', '3', '关于第一次联谊', '我们相聚在同一个大学，更幸运的是在同一个专业遇到了对方，而今后很长的一段时间，将会一起度过。而这次的新生联谊，就是我们互相认识和了解的第一步。在班委和同学们的共同努力下，我们班这次新生联谊圆满结束。', 0x3C703EE8BF99E6ACA1E696B0E7949FE88194E8B08AE79A84E59CB0E782B9E698AFE59CA8E6B5B7E5A699E6A5BCE4B88BE79A84E68E92E79083E59CBAEFBC8CE4BB8EE4B88BE58D88E5BC80E5A78BE59CBAE59CB0E4B88AE5B0B1E5A49AE4BA86E587A0E4B8AAE5BF99E7A28CE79A84E4BABAE584BFE59CA8E5B883E7BDAEE79D80E59CBAE59CB0EFBC8CE69C89E4BA9BE4BABAE59CA8E68993E6B094E79083E38081E69C89E4BA9BE4BABAE59CA8E68C82E6B094E79083E38081E69C89E4BA9BE4BABAE59CA84B54E69DBFE4B88AE58699E6ACA2E8BF8EE8AF8DE8AFADC2B7C2B7C2B7E7BB8FE8BF87E4B880E6AEB5E697B6E997B4E5908EEFBC8CE59CBAE59CB0E58F98E5BE97E69BB4E783ADE997B9E8B5B7E69DA5EFBC8CE99FB3E4B990E4B99FE99A8FE79D80E69AAEE889B2E4B880E8B5B7E9998DE4B8B47E3C2F703E3C7020636C6173733D22716C2D616C69676E2D63656E746572223E3C696D67207372633D22687474703A2F2F6C6F63616C686F73743A333030302F7777772F66656174757265696D672F313538393231303334303030372DE6A0A1E59BADE9A38EE699AF20283130292E6A7067223E3C2F703E, '0', '3', 'http://localhost:3000/www/featureimg/1589210352445-校园风景 (4).jpg', 'Mon, 11 May 2020 15:19:14 GMT');

-- ----------------------------
-- Table structure for focus_relation
-- ----------------------------
DROP TABLE IF EXISTS `focus_relation`;
CREATE TABLE `focus_relation` (
  `id` int(11) NOT NULL AUTO_INCREMENT,
  `user_id` int(11) NOT NULL,
  `class_id` int(11) NOT NULL,
  `power` int(1) unsigned zerofill DEFAULT '0',
  `power_status` int(1) unsigned zerofill DEFAULT '0',
  `identity` int(11) DEFAULT '-1',
  PRIMARY KEY (`id`)
) ENGINE=InnoDB AUTO_INCREMENT=30 DEFAULT CHARSET=utf8 COLLATE=utf8_bin;

-- ----------------------------
-- Records of focus_relation
-- ----------------------------
INSERT INTO `focus_relation` VALUES ('11', '27', '2', '1', '0', '1');
INSERT INTO `focus_relation` VALUES ('15', '27', '2', '0', '0', '-1');
INSERT INTO `focus_relation` VALUES ('18', '29', '3', '2', '1', '1');
INSERT INTO `focus_relation` VALUES ('20', '28', '2', '3', '0', '-1');
INSERT INTO `focus_relation` VALUES ('21', '27', '3', '3', '0', '-1');
INSERT INTO `focus_relation` VALUES ('22', '30', '4', '3', '0', '-1');
INSERT INTO `focus_relation` VALUES ('23', '33', '5', '3', '0', '-1');
INSERT INTO `focus_relation` VALUES ('24', '27', '4', '0', '0', '-1');
INSERT INTO `focus_relation` VALUES ('25', '27', '5', '0', '0', '-1');
INSERT INTO `focus_relation` VALUES ('26', '30', '3', '1', '0', '1');
INSERT INTO `focus_relation` VALUES ('27', '33', '3', '1', '0', '1');
INSERT INTO `focus_relation` VALUES ('29', '31', '4', '1', '1', '1');

-- ----------------------------
-- Table structure for leave_word
-- ----------------------------
DROP TABLE IF EXISTS `leave_word`;
CREATE TABLE `leave_word` (
  `id` int(11) NOT NULL AUTO_INCREMENT,
  `user_id` int(11) NOT NULL,
  `class_id` int(11) NOT NULL,
  `leave_file` varchar(255) COLLATE utf8_bin DEFAULT NULL,
  `leave_time` varchar(255) COLLATE utf8_bin NOT NULL,
  `content` varchar(255) COLLATE utf8_bin NOT NULL,
  PRIMARY KEY (`id`)
) ENGINE=InnoDB AUTO_INCREMENT=9 DEFAULT CHARSET=utf8 COLLATE=utf8_bin;

-- ----------------------------
-- Records of leave_word
-- ----------------------------
INSERT INTO `leave_word` VALUES ('2', '27', '3', null, '2020-02-11T03:03:25.000Z', '这是一条没有文件的留言');
INSERT INTO `leave_word` VALUES ('3', '27', '3', null, '2020-02-11T03:03:25.000Z', '这是一条没有文件的留言');
INSERT INTO `leave_word` VALUES ('5', '27', '3', null, 'Wed, 29 Apr 2020 15:41:56 GMT', '留言');
INSERT INTO `leave_word` VALUES ('7', '30', '3', null, 'Mon, 11 May 2020 15:32:10 GMT', '我来啦~踩踩踩');
INSERT INTO `leave_word` VALUES ('8', '33', '3', 'http://localhost:3000/www/leavefile/1589211343667-2015版-学生用表4-设计类.doc', 'Mon, 11 May 2020 15:35:43 GMT', '希望这份毕业设计规范表能帮助到你们');

-- ----------------------------
-- Table structure for notice
-- ----------------------------
DROP TABLE IF EXISTS `notice`;
CREATE TABLE `notice` (
  `id` int(11) NOT NULL AUTO_INCREMENT,
  `class_id` int(11) NOT NULL,
  `user_id` int(11) NOT NULL,
  `title` varchar(255) COLLATE utf8_bin NOT NULL,
  `content` varchar(255) COLLATE utf8_bin NOT NULL,
  `notice_file` varchar(255) COLLATE utf8_bin DEFAULT NULL,
  `add_time` varchar(255) COLLATE utf8_bin NOT NULL,
  `unread` varchar(255) COLLATE utf8_bin DEFAULT NULL,
  PRIMARY KEY (`id`)
) ENGINE=InnoDB AUTO_INCREMENT=17 DEFAULT CHARSET=utf8 COLLATE=utf8_bin;

-- ----------------------------
-- Records of notice
-- ----------------------------
INSERT INTO `notice` VALUES ('1', '2', '28', '这是一条公告', ' 公告内容', null, '2020-02-11T03:03:25.000Z', '何燕梅，张宝丽，彭嘉静，冯洁欣');
INSERT INTO `notice` VALUES ('2', '2', '28', '这是第二条公告', '第二条内容', null, '2020-02-11T03:03:25.000Z', ' ');
INSERT INTO `notice` VALUES ('13', '3', '27', '这是第一条公告', '这是公告内容', null, 'Wed, 29 Apr 2020 06:57:07 GMT', 'hym');
INSERT INTO `notice` VALUES ('14', '3', '27', '这是第二条公告', '这是第二条公告内容', null, 'Wed, 29 Apr 2020 06:57:21 GMT', 'hym');
INSERT INTO `notice` VALUES ('15', '3', '27', '一个带文件的公告', '这是公告文字', 'http://localhost:3000/www/noticefile/1588144871741-1.广东海洋大学本科生创新创业实践学分认定标准表.doc', 'Wed, 29 Apr 2020 07:21:11 GMT', 'hym');

-- ----------------------------
-- Table structure for organization
-- ----------------------------
DROP TABLE IF EXISTS `organization`;
CREATE TABLE `organization` (
  `id` int(11) NOT NULL AUTO_INCREMENT,
  `logo_url` varchar(255) COLLATE utf8_bin NOT NULL,
  `user_id` int(11) NOT NULL,
  `name` varchar(255) COLLATE utf8_bin NOT NULL,
  `pass` varchar(15) COLLATE utf8_bin NOT NULL,
  `brief` varchar(255) COLLATE utf8_bin DEFAULT NULL,
  `support_count` int(11) DEFAULT '0',
  PRIMARY KEY (`id`)
) ENGINE=InnoDB AUTO_INCREMENT=6 DEFAULT CHARSET=utf8 COLLATE=utf8_bin;

-- ----------------------------
-- Records of organization
-- ----------------------------
INSERT INTO `organization` VALUES ('2', 'http://localhost:3000/www/useravatar/1587473110621-avatar.webp', '28', '信管1162', '123456', '属于广东海洋大学数学与计算机学院下的信息管理与信息系统专业，本班学生共有32名，均活泼惹人爱~', '1');
INSERT INTO `organization` VALUES ('3', 'http://localhost:3000/www/classavatar/1587695997456-avatar.webp', '27', '信管1161', '123456', '这是一个充满活力的班级，欢迎交流~', '1');
INSERT INTO `organization` VALUES ('4', 'http://localhost:3000/www/classavatar/1589197456579-class3.jpg', '30', '终极一班', '123456', '这是一个非常活跃的班级，在这里你会看到精彩的大学生活~', '0');
INSERT INTO `organization` VALUES ('5', 'http://localhost:3000/www/classavatar/1589202301355-class2.png', '33', '终极二班', '123456', '这是一个充满青春气息的班级，我们会给你带来意想不到的惊喜', '0');

-- ----------------------------
-- Table structure for photos
-- ----------------------------
DROP TABLE IF EXISTS `photos`;
CREATE TABLE `photos` (
  `id` int(11) NOT NULL AUTO_INCREMENT,
  `album_id` int(11) NOT NULL,
  `photo_url` varchar(255) COLLATE utf8_bin NOT NULL,
  PRIMARY KEY (`id`)
) ENGINE=InnoDB AUTO_INCREMENT=9 DEFAULT CHARSET=utf8 COLLATE=utf8_bin;

-- ----------------------------
-- Records of photos
-- ----------------------------
INSERT INTO `photos` VALUES ('3', '9', 'http://localhost:3000/www/classphotos/1587809997503-color.jpg');
INSERT INTO `photos` VALUES ('4', '9', 'http://localhost:3000/www/classphotos/1589205842389-校园风景 (2).jpg');
INSERT INTO `photos` VALUES ('5', '9', 'http://localhost:3000/www/classphotos/1589205869239-校园风景 (4).jpg');
INSERT INTO `photos` VALUES ('6', '9', 'http://localhost:3000/www/classphotos/1589205879394-校园风景 (7).jpg');
INSERT INTO `photos` VALUES ('7', '9', 'http://localhost:3000/www/classphotos/1589205885889-校园风景 (9).jpg');
INSERT INTO `photos` VALUES ('8', '9', 'http://localhost:3000/www/classphotos/1589205898842-校园风景 (1).jpg');

-- ----------------------------
-- Table structure for reply_comment
-- ----------------------------
DROP TABLE IF EXISTS `reply_comment`;
CREATE TABLE `reply_comment` (
  `id` int(11) NOT NULL AUTO_INCREMENT,
  `comment_id` int(11) NOT NULL,
  `reply_user` int(11) NOT NULL,
  `reply_content` varchar(255) COLLATE utf8_bin NOT NULL,
  `reply_likes` int(11) NOT NULL DEFAULT '0',
  `reply_time` varchar(255) COLLATE utf8_bin NOT NULL,
  `reply_for_user` varchar(25) COLLATE utf8_bin NOT NULL,
  PRIMARY KEY (`id`)
) ENGINE=InnoDB AUTO_INCREMENT=7 DEFAULT CHARSET=utf8 COLLATE=utf8_bin;

-- ----------------------------
-- Records of reply_comment
-- ----------------------------
INSERT INTO `reply_comment` VALUES ('2', '1', '28', '哈哈哈哈', '0', '2020-02-11T03:03:25.000Z', 'hym');
INSERT INTO `reply_comment` VALUES ('3', '7', '27', '希望可以快点迎来夏季~', '1', 'Mon, 27 Apr 2020 07:22:42 GMT', 'hym');
INSERT INTO `reply_comment` VALUES ('4', '6', '27', '是呀是呀', '2', 'Mon, 27 Apr 2020 07:24:16 GMT', 'hym');
INSERT INTO `reply_comment` VALUES ('6', '8', '30', '嗯呢，真是一段美好的回忆', '0', 'Mon, 11 May 2020 15:22:00 GMT', 'hym');

-- ----------------------------
-- Table structure for user
-- ----------------------------
DROP TABLE IF EXISTS `user`;
CREATE TABLE `user` (
  `id` int(11) NOT NULL AUTO_INCREMENT,
  `avatar_url` varchar(255) COLLATE utf8_bin DEFAULT '',
  `user_num` varchar(25) COLLATE utf8_bin DEFAULT '',
  `user_pass` varchar(255) COLLATE utf8_bin NOT NULL,
  `user_name` varchar(25) COLLATE utf8_bin NOT NULL,
  `phone_num` varchar(15) COLLATE utf8_bin NOT NULL,
  `user_phone` varchar(15) COLLATE utf8_bin DEFAULT NULL,
  PRIMARY KEY (`id`)
) ENGINE=InnoDB AUTO_INCREMENT=36 DEFAULT CHARSET=utf8 COLLATE=utf8_bin;

-- ----------------------------
-- Records of user
-- ----------------------------
INSERT INTO `user` VALUES ('27', 'http://localhost:3000/www/useravatar/avatar.webp', '201611671208', 'U2FsdGVkX19fjKbvn5UM4JWTuZAF4BGiWeUsNXKtadM=', 'hym', '15768236666', '15768236666');
INSERT INTO `user` VALUES ('28', 'http://localhost:3000/www/useravatar/avatar.webp', '', 'U2FsdGVkX19u/TwFNwYvfykuN41XsrU32c1sgSnbeUI=', 'hjx', '15816366666', null);
INSERT INTO `user` VALUES ('29', 'http://localhost:3000/www/useravatar/avatar.webp', '201611670000', 'U2FsdGVkX18MU67Kd/U7eCojaSQiGvf5zGWJmtEb1fE=', 'hgx', '13690966666', '13690966666');
INSERT INTO `user` VALUES ('30', 'http://localhost:3000/www/useravatar/1589210463922-user1.jpg', '201611671111', 'U2FsdGVkX1+oSJeX+FOoYX9FvAhCpAvPSz80f/8OsW0=', '1班1号', '15768236611', '15768236611');
INSERT INTO `user` VALUES ('31', 'http://localhost:3000/www/useravatar/avatar.webp', '', 'U2FsdGVkX1/21/sg91ROney2CcmD6w15+Mmk2pWPDsU=', '1班2号', '15768236612', null);
INSERT INTO `user` VALUES ('32', 'http://localhost:3000/www/useravatar/avatar.webp', '', 'U2FsdGVkX18tsbaoGCU7M6vnjPt1ktVKs90ZYNVqEj8=', '1班3号', '15768236613', null);
INSERT INTO `user` VALUES ('33', 'http://localhost:3000/www/useravatar/1589210558615-user2.png', '201611671221', 'U2FsdGVkX1+0yB9582uXkrE/3etKNlaALsUNuoVKssk=', '2班1号', '15768236621', '15768236621');
INSERT INTO `user` VALUES ('34', 'http://localhost:3000/www/useravatar/avatar.webp', '201611671212', 'U2FsdGVkX18uhW3kOMrbGXlALIe0NlM1OGKbwW+aGzI=', '2班2号', '15768236622', '15768236612');
INSERT INTO `user` VALUES ('35', 'http://localhost:3000/www/useravatar/avatar.webp', '', 'U2FsdGVkX1/b5z9tPG+Qgk5HFkFe/nVRdmmr/f+XhuI=', '2班3号', '15768236623', null);
DROP TRIGGER IF EXISTS `delreply`;
DELIMITER ;;
CREATE TRIGGER `delreply` AFTER DELETE ON `comment` FOR EACH ROW delete from reply_comment where reply_comment.`comment_id`= old.`id`
;;
DELIMITER ;
DROP TRIGGER IF EXISTS `delcollect`;
DELIMITER ;;
CREATE TRIGGER `delcollect` AFTER DELETE ON `feature` FOR EACH ROW delete from collect where collect.`feature_id`= old.`id`
;;
DELIMITER ;
DROP TRIGGER IF EXISTS `insertRelation`;
DELIMITER ;;
CREATE TRIGGER `insertRelation` AFTER INSERT ON `organization` FOR EACH ROW insert into focus_relation  set focus_relation.`user_id` = new.`user_id`,focus_relation.`class_id` = new.`id`,focus_relation.`power` = 3
;;
DELIMITER ;
DROP TRIGGER IF EXISTS `changeRelation`;
DELIMITER ;;
CREATE TRIGGER `changeRelation` AFTER UPDATE ON `organization` FOR EACH ROW delete from focus_relation where focus_relation.`user_id`= old.`user_id` and focus_relation.`power`=3
;;
DELIMITER ;
DROP TRIGGER IF EXISTS `changeCreate`;
DELIMITER ;;
CREATE TRIGGER `changeCreate` AFTER UPDATE ON `organization` FOR EACH ROW insert into focus_relation  set focus_relation.`user_id` = new.`user_id`,focus_relation.`class_id` = new.`id`,focus_relation.`power` = 3
;;
DELIMITER ;
